<?xml version="1.0" encoding="UTF-8"?>
<project-private xmlns="http://www.netbeans.org/ns/project-private/1">
    <editor-bookmarks xmlns="http://www.netbeans.org/ns/editor-bookmarks/2" lastBookmarkId="0"/>
    <open-files xmlns="http://www.netbeans.org/ns/projectui-open-files/2">
        <group>
            <file>file:/C:/Users/raulg/OneDrive/Escritorio/DAW/Programación/New%20Folder/Tarea8/src/tarea8/agenda.txt</file>
            <file>file:/C:/Users/raulg/OneDrive/Escritorio/DAW/Programación/New%20Folder/Tarea8/src/tarea8/Contacto.java</file>
            <file>file:/C:/Users/raulg/OneDrive/Escritorio/DAW/Programación/New%20Folder/Tarea8/src/tarea8/Agenda.java</file>
        </group>
    </open-files>
</project-private>
